{"bi_gt_capital": {"gt": [0.2002179666822357, 0.02579097315939421, 0.0554258134827962, 0.1693912501946131, 0.422454064154469, 0.4619336758524054, 0.6423232637807537, 0.7131503973609237, 0.8354351549120349, 0.7903175591531756], "ct": [0.4135139342986143, 0.2813015444594392, 0.4611552234158493, 0.3429861435466293, 0.33821239489255683, 0.24770356531215942, 0.19822485207100593, 0.14664867296446243, 0.10509107893507706, 0.10087173100871731], "i_gt": [0.20893663397166434, 0.03643724696356275, 0.09559395920909232, 0.21827806321033785, 0.4677670507630022, 0.5036587264518138, 0.6905948302709436, 0.746588693957115, 0.8449322746380196, 0.7881382316313823], "i_ct": [0.3909388136384867, 0.26720647773279355, 0.4328195547252063, 0.30017125953604235, 0.30006228589224543, 0.21656546784991437, 0.15789473684210525, 0.12220722747038537, 0.09699517359489335, 0.09915940224159402]}, "bi_gt_country": {"gt": [0.4031496062992126, 0.42625681405208965, 0.42807389460932765, 0.39930345245305876, 0.41606299212598424, 0.4422047244094488, 0.4344336765596608, 0.4450333131435494, 0.46214415505754086, 0.4595275590551181], "ct": [0.315748031496063, 0.2936099333737129, 0.32707450030284674, 0.3438824954572986, 0.32236220472440946, 0.28141732283464566, 0.2636281041792853, 0.21577831617201695, 0.16172016959418534, 0.13086614173228348], "i_gt": [0.4310236220472441, 0.4492731677771048, 0.45336159903089035, 0.4265596608116293, 0.4448818897637795, 0.4694488188976378, 0.46365838885523925, 0.47410660205935795, 0.48909751665657175, 0.49275590551181103], "i_ct": [0.29023622047244096, 0.27422774076317386, 0.3049666868564506, 0.31617201695941854, 0.29385826771653545, 0.2552755905511811, 0.2328891580860085, 0.1873107207752877, 0.14324651726226528, 0.10929133858267717]}, "abs_icl_country": {"gt": [0.22497275416472054, 0.05651564689397478, 0.1648762260625876, 0.2631578947368421, 0.4334423166744512, 0.6813015724739219, 0.5336343818125194, 0.6195831458989354, 0.7920298879202988, 0.5755877315895999], "ct": [0.4384244122684104, 0.42441226841040014, 0.3596450256889304, 0.31283089380255374, 0.25533239919040945, 0.1988167522964347, 0.16381189660541887, 0.21187584345479082, 0.10071606475716065, 0.1521096061030671], "i_gt": [0.23789506461155224, 0.08391717266075042, 0.20161918106803675, 0.30629087511678604, 0.4916705589288494, 0.7174217655301262, 0.5644658984739956, 0.6353276353276354, 0.797945205479452, 0.5829051844932275], "i_ct": [0.3988790284913592, 0.40572940993305306, 0.3394052623384711, 0.27748364995328556, 0.2167211583372256, 0.15927136851938348, 0.14886328246652134, 0.1862348178137652, 0.09775840597758406, 0.14136696247859257]}, "abs_capital": {"gt": [0.40551181102362205, 0.43201090248334345, 0.41020593579648695, 0.4261053906723198, 0.4310236220472441, 0.42866141732283464, 0.4482132041187159, 0.45699576014536647, 0.45154451847365235, 0.44944881889763777], "ct": [0.32110236220472443, 0.3319200484554815, 0.3160205935796487, 0.3170805572380376, 0.2941732283464567, 0.2795275590551181, 0.23031496062992127, 0.18625075711689884, 0.16580860084797092, 0.16141732283464566], "i_gt": [0.43133858267716535, 0.45623864324651725, 0.44003634161114474, 0.44912174439733493, 0.4603149606299213, 0.4644094488188976, 0.47698364627498485, 0.48122350090854027, 0.4791035735917626, 0.47921259842519687], "i_ct": [0.29811023622047245, 0.3090551181102362, 0.2874015748031496, 0.29709267110841914, 0.26614173228346455, 0.24377952755905513, 0.2060872198667474, 0.16505148394912175, 0.14354936402180496, 0.1395275590551181]}}