{"bi_gt_capital": {"gt": [0.2002179666822357, 0.02579097315939421, 0.0554258134827962, 0.1693912501946131, 0.422454064154469, 0.4619336758524054, 0.6423232637807537, 0.7131503973609237, 0.8354351549120349, 0.7903175591531756], "ct": [0.4135139342986143, 0.2813015444594392, 0.4611552234158493, 0.3429861435466293, 0.33821239489255683, 0.24770356531215942, 0.19822485207100593, 0.14664867296446243, 0.10509107893507706, 0.10087173100871731], "i_gt": [0.19476879962634283, 0.09251761883340831, 0.2670091857387514, 0.3999688619025378, 0.5523201494861414, 0.6263428304530593, 0.7410464029897228, 0.7669815564552407, 0.7326794332866262, 0.5733188044831881], "i_ct": [0.2551767087030982, 0.2399160293897136, 0.24256577923088898, 0.19632570449945508, 0.14668327623793212, 0.14292386735170481, 0.07988165680473373, 0.10766231818863398, 0.13467227152420988, 0.1673412204234122]}, "bi_gt_country": {"gt": [0.4031496062992126, 0.42625681405208965, 0.42807389460932765, 0.39930345245305876, 0.41606299212598424, 0.4422047244094488, 0.4344336765596608, 0.4450333131435494, 0.46214415505754086, 0.4595275590551181], "ct": [0.315748031496063, 0.2936099333737129, 0.32707450030284674, 0.3438824954572986, 0.32236220472440946, 0.28141732283464566, 0.2636281041792853, 0.21577831617201695, 0.16172016959418534, 0.13086614173228348], "i_gt": [0.4499212598425197, 0.4433676559660812, 0.421259842519685, 0.4273167777104785, 0.4552755905511811, 0.5135433070866142, 0.49515445184736523, 0.5399757722592369, 0.5816172016959419, 0.6066141732283464], "i_ct": [0.2125984251968504, 0.24757722592368261, 0.2678679588128407, 0.26150817686250755, 0.22677165354330708, 0.15748031496062992, 0.162023016353725, 0.09660811629315566, 0.06253785584494245, 0.03968503937007874]}, "abs_icl_country": {"gt": [0.22497275416472054, 0.05651564689397478, 0.1648762260625876, 0.2631578947368421, 0.4334423166744512, 0.6813015724739219, 0.5336343818125194, 0.6195831458989354, 0.7920298879202988, 0.5755877315895999], "ct": [0.4384244122684104, 0.42441226841040014, 0.3596450256889304, 0.31283089380255374, 0.25533239919040945, 0.1988167522964347, 0.16381189660541887, 0.21187584345479082, 0.10071606475716065, 0.1521096061030671], "i_gt": [0.237739374124241, 0.158959987544761, 0.3822201463490581, 0.4476798505138586, 0.5981628522497275, 0.6528102132959677, 0.6851448146994705, 0.6314289998500525, 0.6920921544209215, 0.4761015101977269], "i_ct": [0.2751050910789351, 0.27043437645959834, 0.21298458664175618, 0.16178760510744317, 0.1273548186205823, 0.09232445897555659, 0.09934599813142324, 0.15759484180536812, 0.1200186799501868, 0.18371477502724584]}, "abs_capital": {"gt": [0.40551181102362205, 0.43201090248334345, 0.41020593579648695, 0.4261053906723198, 0.4310236220472441, 0.42866141732283464, 0.4482132041187159, 0.45699576014536647, 0.45154451847365235, 0.44944881889763777], "ct": [0.32110236220472443, 0.3319200484554815, 0.3160205935796487, 0.3170805572380376, 0.2941732283464567, 0.2795275590551181, 0.23031496062992127, 0.18625075711689884, 0.16580860084797092, 0.16141732283464566], "i_gt": [0.4163779527559055, 0.4224712295578437, 0.43382798304058146, 0.4492731677771048, 0.4847244094488189, 0.5004724409448819, 0.5236220472440944, 0.5536038764385222, 0.5811629315566323, 0.5982677165354331], "i_ct": [0.26188976377952755, 0.2637795275590551, 0.2516656571774682, 0.2371290127195639, 0.18566929133858268, 0.1584251968503937, 0.12113870381586916, 0.08252574197456088, 0.06193216232586311, 0.06692913385826772]}}