{"bi_gt_capital": {"gt": [0.2002179666822357, 0.02579097315939421, 0.0554258134827962, 0.1693912501946131, 0.422454064154469, 0.4619336758524054, 0.6423232637807537, 0.7131503973609237, 0.8354351549120349, 0.7903175591531756], "ct": [0.4135139342986143, 0.2813015444594392, 0.4611552234158493, 0.3429861435466293, 0.33821239489255683, 0.24770356531215942, 0.19822485207100593, 0.14664867296446243, 0.10509107893507706, 0.10087173100871731], "i_gt": [0.03923400280242877, 0.000149947518368571, 0.0006227619492449011, 0.00031138097462245055, 0.0004671441918405481, 0.0018682858477347033, 0.038772967922765494, 0.10916179337231968, 0.04515024132025533, 0.13262764632627647], "i_ct": [0.8368363692978359, 0.8950367371420003, 0.8900825159582749, 0.8785614198972442, 0.8855496729990657, 0.9104779697960454, 0.8941139831828091, 0.7756785125206178, 0.8598785614198973, 0.8105541718555417]}, "bi_gt_country": {"gt": [0.4031496062992126, 0.42625681405208965, 0.42807389460932765, 0.39930345245305876, 0.41606299212598424, 0.4422047244094488, 0.4344336765596608, 0.4450333131435494, 0.46214415505754086, 0.4595275590551181], "ct": [0.315748031496063, 0.2936099333737129, 0.32707450030284674, 0.3438824954572986, 0.32236220472440946, 0.28141732283464566, 0.2636281041792853, 0.21577831617201695, 0.16172016959418534, 0.13086614173228348], "i_gt": [0.036692913385826774, 0.034827377347062385, 0.03543307086614173, 0.034978800726832224, 0.03622047244094488, 0.03543307086614173, 0.03558449424591157, 0.036644457904300425, 0.04603270745003028, 0.04834645669291338], "i_ct": [0.8875590551181103, 0.9088431253785585, 0.8941550575408843, 0.8811326468806784, 0.8699212598425197, 0.8766929133858268, 0.8729557843731072, 0.8540278619018776, 0.8061780738946094, 0.7664566929133858]}, "abs_icl_country": {"gt": [0.22497275416472054, 0.05651564689397478, 0.1648762260625876, 0.2631578947368421, 0.4334423166744512, 0.6813015724739219, 0.5336343818125194, 0.6195831458989354, 0.7920298879202988, 0.5755877315895999], "ct": [0.4384244122684104, 0.42441226841040014, 0.3596450256889304, 0.31283089380255374, 0.25533239919040945, 0.1988167522964347, 0.16381189660541887, 0.21187584345479082, 0.10071606475716065, 0.1521096061030671], "i_gt": [0.03938969328974, 0.00031138097462245055, 0.11318698427526078, 0.00015571473061351605, 0.03861124085318387, 0.11365405573719446, 0.0021800062285892243, 0.001799370220422852, 0.044987546699875466, 0.01821578701541336], "i_ct": [0.8290518449322747, 0.9076755410244434, 0.765685816596606, 0.8433509810028028, 0.8570761326482952, 0.8330997976023665, 0.9422298349423855, 0.8740440845704004, 0.8689290161892902, 0.9132803985676475]}, "abs_capital": {"gt": [0.40551181102362205, 0.43201090248334345, 0.41020593579648695, 0.4261053906723198, 0.4310236220472441, 0.42866141732283464, 0.4482132041187159, 0.45699576014536647, 0.45154451847365235, 0.44944881889763777], "ct": [0.32110236220472443, 0.3319200484554815, 0.3160205935796487, 0.3170805572380376, 0.2941732283464567, 0.2795275590551181, 0.23031496062992127, 0.18625075711689884, 0.16580860084797092, 0.16141732283464566], "i_gt": [0.0352755905511811, 0.03543307086614173, 0.03634161114476075, 0.03588734100545124, 0.03401574803149606, 0.0352755905511811, 0.03528164748637189, 0.03770442156268928, 0.04996971532404603, 0.04456692913385827], "i_ct": [0.8955905511811023, 0.8923379769836463, 0.8932465172622653, 0.8603876438522108, 0.9003149606299212, 0.8680314960629921, 0.8826468806783767, 0.8217746820109025, 0.7830102967898244, 0.8234645669291338]}}