{"bi_gt_capital": {"gt": [0.2002179666822357, 0.02579097315939421, 0.0554258134827962, 0.1693912501946131, 0.422454064154469, 0.4619336758524054, 0.6423232637807537, 0.7131503973609237, 0.8354351549120349, 0.7903175591531756], "ct": [0.4135139342986143, 0.2813015444594392, 0.4611552234158493, 0.3429861435466293, 0.33821239489255683, 0.24770356531215942, 0.19822485207100593, 0.14664867296446243, 0.10509107893507706, 0.10087173100871731], "i_gt": [0.032539311848046086, 0.0, 0.00046707146193367583, 0.00031138097462245055, 0.0017128620367486765, 0.016970263116923557, 0.03254437869822485, 0.08472034787824262, 0.0400124552389849, 0.19146948941469488], "i_ct": [0.8089677720691266, 0.7915729494676863, 0.9252685660906118, 0.944729877004515, 0.9291497975708503, 0.8970885878872801, 0.913111180317658, 0.895486579697106, 0.9244901136540558, 0.7733499377334994]}, "bi_gt_country": {"gt": [0.4031496062992126, 0.42625681405208965, 0.42807389460932765, 0.39930345245305876, 0.41606299212598424, 0.4422047244094488, 0.4344336765596608, 0.4450333131435494, 0.46214415505754086, 0.4595275590551181], "ct": [0.315748031496063, 0.2936099333737129, 0.32707450030284674, 0.3438824954572986, 0.32236220472440946, 0.28141732283464566, 0.2636281041792853, 0.21577831617201695, 0.16172016959418534, 0.13086614173228348], "i_gt": [0.0368503937007874, 0.03679588128407026, 0.03876438522107813, 0.03800726832222895, 0.03811023622047244, 0.04456692913385827, 0.043609933373712904, 0.04224712295578437, 0.048909751665657177, 0.043622047244094485], "i_ct": [0.8850393700787401, 0.8974863718958207, 0.8768927922471229, 0.8572077528770442, 0.8889763779527559, 0.8822047244094489, 0.8708358570563295, 0.8705330102967899, 0.8697758933979406, 0.8730708661417322]}, "abs_icl_country": {"gt": [0.22497275416472054, 0.05651564689397478, 0.1648762260625876, 0.2631578947368421, 0.4334423166744512, 0.6813015724739219, 0.5336343818125194, 0.6195831458989354, 0.7920298879202988, 0.5755877315895999], "ct": [0.4384244122684104, 0.42441226841040014, 0.3596450256889304, 0.31283089380255374, 0.25533239919040945, 0.1988167522964347, 0.16381189660541887, 0.21187584345479082, 0.10071606475716065, 0.1521096061030671], "i_gt": [0.03269500233535731, 0.0, 0.08734236338159738, 0.0003114294612270321, 0.03923400280242877, 0.10213295967616379, 0.015260043600124572, 0.00449842555105713, 0.06164383561643835, 0.061030671026000315], "i_ct": [0.8099019149929939, 0.9070527790751985, 0.7947999377238051, 0.9193397695421986, 0.8510042036431574, 0.8474233224349992, 0.9313298037994394, 0.9532163742690059, 0.9036425902864259, 0.865950490425035]}, "abs_capital": {"gt": [0.40551181102362205, 0.43201090248334345, 0.41020593579648695, 0.4261053906723198, 0.4310236220472441, 0.42866141732283464, 0.4482132041187159, 0.45699576014536647, 0.45154451847365235, 0.44944881889763777], "ct": [0.32110236220472443, 0.3319200484554815, 0.3160205935796487, 0.3170805572380376, 0.2941732283464567, 0.2795275590551181, 0.23031496062992127, 0.18625075711689884, 0.16580860084797092, 0.16141732283464566], "i_gt": [0.03385826771653543, 0.040127195639006664, 0.03815869170199879, 0.040127195639006664, 0.04015748031496063, 0.03905511811023622, 0.04406420351302241, 0.045578437310720775, 0.049061175045427015, 0.045039370078740155], "i_ct": [0.8911811023622047, 0.8906723198061781, 0.8820411871592974, 0.8682616596002423, 0.8779527559055118, 0.8768503937007874, 0.8665960024227741, 0.8623561477892187, 0.874924288310115, 0.8746456692913386]}}