{"bi_gt_capital": {"gt": [0.2002179666822357, 0.02579097315939421, 0.0554258134827962, 0.1693912501946131, 0.422454064154469, 0.4619336758524054, 0.6423232637807537, 0.7131503973609237, 0.8354351549120349, 0.7903175591531756], "ct": [0.4135139342986143, 0.2813015444594392, 0.4611552234158493, 0.3429861435466293, 0.33821239489255683, 0.24770356531215942, 0.19822485207100593, 0.14664867296446243, 0.10509107893507706, 0.10087173100871731], "i_gt": [0.13996574809279153, 0.008547008547008548, 0.0037365716954694066, 0.02148528724894909, 0.10541887262535035, 0.17515179822512844, 0.26705076300218, 0.41655420602789023, 0.4348435310602522, 0.5969800747198007], "i_ct": [0.483730344075977, 0.3913630229419703, 0.492760392340028, 0.4796823914058851, 0.43506695733416384, 0.32679433286626186, 0.38586110246029276, 0.31638926375768484, 0.33784835746535885, 0.25358032378580325]}, "bi_gt_country": {"gt": [0.4031496062992126, 0.42625681405208965, 0.42807389460932765, 0.39930345245305876, 0.41606299212598424, 0.4422047244094488, 0.4344336765596608, 0.4450333131435494, 0.46214415505754086, 0.4595275590551181], "ct": [0.315748031496063, 0.2936099333737129, 0.32707450030284674, 0.3438824954572986, 0.32236220472440946, 0.28141732283464566, 0.2636281041792853, 0.21577831617201695, 0.16172016959418534, 0.13086614173228348], "i_gt": [0.17338582677165354, 0.18715929739551787, 0.17746820109024833, 0.18185947910357358, 0.18740157480314962, 0.2337007874015748, 0.23364627498485765, 0.24288310115081768, 0.2766505148394912, 0.29338582677165354], "i_ct": [0.47244094488188976, 0.46956390066626286, 0.5093882495457298, 0.4730466384009691, 0.48913385826771655, 0.4047244094488189, 0.35024227740763175, 0.31299212598425197, 0.2118413082980012, 0.18881889763779527]}, "abs_icl_country": {"gt": [0.22497275416472054, 0.05651564689397478, 0.1648762260625876, 0.2631578947368421, 0.4334423166744512, 0.6813015724739219, 0.5336343818125194, 0.6195831458989354, 0.7920298879202988, 0.5755877315895999], "ct": [0.4384244122684104, 0.42441226841040014, 0.3596450256889304, 0.31283089380255374, 0.25533239919040945, 0.1988167522964347, 0.16381189660541887, 0.21187584345479082, 0.10071606475716065, 0.1521096061030671], "i_gt": [0.14759458197104158, 0.007940214852872489, 0.11957029425502101, 0.06571161631890376, 0.10291141211271991, 0.28724894908921067, 0.25677359078168793, 0.34307992202729043, 0.49766500622665005, 0.37210026467382845], "i_ct": [0.5168924178732679, 0.47516736727385955, 0.45695158025844623, 0.42681407661164744, 0.34578857231823135, 0.2662307333021952, 0.3662410464029897, 0.40875693507272454, 0.3194271481942715, 0.3099797602366495]}, "abs_capital": {"gt": [0.40551181102362205, 0.43201090248334345, 0.41020593579648695, 0.4261053906723198, 0.4310236220472441, 0.42866141732283464, 0.4482132041187159, 0.45699576014536647, 0.45154451847365235, 0.44944881889763777], "ct": [0.32110236220472443, 0.3319200484554815, 0.3160205935796487, 0.3170805572380376, 0.2941732283464567, 0.2795275590551181, 0.23031496062992127, 0.18625075711689884, 0.16580860084797092, 0.16141732283464566], "i_gt": [0.16094488188976377, 0.17807389460932768, 0.18837068443367655, 0.19215626892792248, 0.20724409448818898, 0.22173228346456694, 0.24000605693519078, 0.26847365233192005, 0.27029073288915806, 0.27590551181102363], "i_ct": [0.5130708661417323, 0.5089339794064204, 0.4672925499697153, 0.48288915808600846, 0.43338582677165355, 0.3765354330708661, 0.33858267716535434, 0.2724106602059358, 0.21835251362810418, 0.2251968503937008]}}