{"bi_gt_capital": {"gt": [0.09995329285380664, 0.009596641175588543, 0.016658882142301105, 0.1410555815039701, 0.2611336032388664, 0.3182313560641445, 0.4282155091871691, 0.5215174688858899, 0.710415693601121, 0.6885118306351183], "ct": [0.6626187139965748, 0.629479682111261, 0.6783434532150086, 0.6820800249104779, 0.582995951417004, 0.5313716331932119, 0.5123014637184677, 0.401259559154296, 0.23664954071306243, 0.21419676214196762], "i_gt": [0.037054335980071615, 0.0, 0.003425190720846956, 0.0028024287716020553, 0.0014014325755216444, 0.007161762416316363, 0.042198691996262847, 0.07917228969860549, 0.043126264985209405, 0.07580946450809464], "i_ct": [0.18542737038766932, 0.1586444744339481, 0.1569360112097151, 0.11832477035653122, 0.09747742136406104, 0.09901914992993928, 0.11118031765805045, 0.0739241265557055, 0.06352171882297991, 0.05105853051058531]}, "bi_gt_country": {"gt": [0.22488188976377954, 0.27468201090248334, 0.27922471229557844, 0.25075711689884916, 0.24188976377952756, 0.3228346456692913, 0.31465778316172016, 0.3746214415505754, 0.4477589339794064, 0.45716535433070865], "ct": [0.6286614173228346, 0.5645063597819503, 0.5788915808600847, 0.6262870987280436, 0.6409448818897637, 0.5130708661417323, 0.5289218655360388, 0.44245911568746216, 0.32328891580860086, 0.31070866141732284], "i_gt": [0.028976377952755906, 0.030738946093276803, 0.031344639612356145, 0.030133252574197456, 0.029448818897637796, 0.031968503937007876, 0.029678982434887948, 0.027104784978800728, 0.030738946093276803, 0.029448818897637796], "i_ct": [0.27811023622047243, 0.27029073288915806, 0.16701998788612962, 0.1420351302241066, 0.10535433070866142, 0.06267716535433071, 0.06026650514839491, 0.05012113870381587, 0.00938824954572986, 0.008188976377952756]}, "abs_icl_country": {"gt": [0.10446831698583217, 0.004515024132025533, 0.13513934298614355, 0.2106820305200872, 0.2665421142768177, 0.37723805075509886, 0.3972282777950794, 0.49752586594691856, 0.6640722291407223, 0.514868441538222], "ct": [0.7342363381597384, 0.6576366184026156, 0.6669780476412891, 0.5963874182497664, 0.5436711816907986, 0.5640666355285692, 0.49626284646527563, 0.3811665916929075, 0.26307596513075965, 0.2690331620737973], "i_gt": [0.03752140744200529, 0.0029581192589132805, 0.0658570761326483, 0.0003114294612270321, 0.042659193523275726, 0.08967772069126577, 0.014792899408284023, 0.007647323436797121, 0.03222291407222914, 0.0012455238984898022], "i_ct": [0.22793087342363383, 0.11225284135139343, 0.1502413202553324, 0.09716599190283401, 0.1114743889148373, 0.13264829518916393, 0.07785736530675802, 0.08382066276803118, 0.06864881693648817, 0.07224038611240853]}, "abs_capital": {"gt": [0.23590551181102362, 0.2710478497880073, 0.24318594791035736, 0.2695336159903089, 0.26173228346456695, 0.3075590551181102, 0.30875227135069655, 0.4136886735311932, 0.43079951544518474, 0.44708661417322837], "ct": [0.6047244094488189, 0.5816172016959419, 0.6353725015142337, 0.5956995760145366, 0.610236220472441, 0.5388976377952756, 0.5446698970321018, 0.3770442156268928, 0.3376741368867353, 0.32803149606299215], "i_gt": [0.029133858267716535, 0.03043609933373713, 0.03179890975166566, 0.028921865536038763, 0.030078740157480317, 0.030078740157480317, 0.028316172016959417, 0.02877044215626893, 0.03195033313143549, 0.03165354330708661], "i_ct": [0.28503937007874014, 0.20563294972743792, 0.14294367050272563, 0.17125984251968504, 0.09905511811023622, 0.06960629921259842, 0.07828588734100544, 0.030738946093276803, 0.013325257419745608, 0.04]}}