{"bi_gt_capital": {"gt": [0.09995329285380664, 0.009596641175588543, 0.016658882142301105, 0.1410555815039701, 0.2611336032388664, 0.3182313560641445, 0.4282155091871691, 0.5215174688858899, 0.710415693601121, 0.6885118306351183], "ct": [0.6626187139965748, 0.629479682111261, 0.6783434532150086, 0.6820800249104779, 0.582995951417004, 0.5313716331932119, 0.5123014637184677, 0.401259559154296, 0.23664954071306243, 0.21419676214196762], "i_gt": [0.03285069282266854, 0.0, 0.0006227619492449011, 0.007161762416316363, 0.04484584241669262, 0.05371321812237272, 0.0981002802865151, 0.1824861298545509, 0.23353573096683794, 0.22540473225404734], "i_ct": [0.8214230110540246, 0.8466036887089519, 0.9100108983341118, 0.9328973999688619, 0.8800996574275927, 0.871399657480928, 0.883836810962317, 0.7843754685859949, 0.7410867196014324, 0.7345890410958904]}, "bi_gt_country": {"gt": [0.22488188976377954, 0.27468201090248334, 0.27922471229557844, 0.25075711689884916, 0.24188976377952756, 0.3228346456692913, 0.31465778316172016, 0.3746214415505754, 0.4477589339794064, 0.45716535433070865], "ct": [0.6286614173228346, 0.5645063597819503, 0.5788915808600847, 0.6262870987280436, 0.6409448818897637, 0.5130708661417323, 0.5289218655360388, 0.44245911568746216, 0.32328891580860086, 0.31070866141732284], "i_gt": [0.07511811023622048, 0.0900969109630527, 0.10115081768625075, 0.0934282253179891, 0.07133858267716535, 0.10173228346456693, 0.08358570563294973, 0.08979406420351302, 0.09191399152029073, 0.09165354330708661], "i_ct": [0.841259842519685, 0.8378255602665051, 0.8352513628104179, 0.8402483343428225, 0.8681889763779528, 0.8078740157480315, 0.8597819503331314, 0.8447910357359176, 0.8211689884918232, 0.8384251968503937]}, "abs_icl_country": {"gt": [0.10446831698583217, 0.004515024132025533, 0.13513934298614355, 0.2106820305200872, 0.2665421142768177, 0.37723805075509886, 0.3972282777950794, 0.49752586594691856, 0.6640722291407223, 0.514868441538222], "ct": [0.7342363381597384, 0.6576366184026156, 0.6669780476412891, 0.5963874182497664, 0.5436711816907986, 0.5640666355285692, 0.49626284646527563, 0.3811665916929075, 0.26307596513075965, 0.2690331620737973], "i_gt": [0.033162073797290983, 0.00015569048731122528, 0.07115055270122995, 0.009965742759265027, 0.05651564689397478, 0.13576210493538846, 0.09654313298037995, 0.12310691258059679, 0.16220423412204235, 0.18480460843842442], "i_ct": [0.8883699205978515, 0.8751362291763973, 0.8594114899579636, 0.8649953285580816, 0.8762260625875758, 0.8376148217343921, 0.8511367175334786, 0.8251611935822463, 0.799813200498132, 0.7404639576521874]}, "abs_capital": {"gt": [0.23590551181102362, 0.2710478497880073, 0.24318594791035736, 0.2695336159903089, 0.26173228346456695, 0.3075590551181102, 0.30875227135069655, 0.4136886735311932, 0.43079951544518474, 0.44708661417322837], "ct": [0.6047244094488189, 0.5816172016959419, 0.6353725015142337, 0.5956995760145366, 0.610236220472441, 0.5388976377952756, 0.5446698970321018, 0.3770442156268928, 0.3376741368867353, 0.32803149606299215], "i_gt": [0.07826771653543307, 0.10084797092671108, 0.08812840702604482, 0.08979406420351302, 0.07606299212598425, 0.08866141732283464, 0.07328891580860085, 0.09721380981223501, 0.09615384615384616, 0.09622047244094488], "i_ct": [0.8387401574803149, 0.8284373107207753, 0.8534221683827983, 0.8317686250757117, 0.868503937007874, 0.8332283464566929, 0.8765899454875833, 0.8208661417322834, 0.8135978195033313, 0.8363779527559055]}}