{"bi_gt_capital": {"gt": [0.09995329285380664, 0.009596641175588543, 0.016658882142301105, 0.1410555815039701, 0.2611336032388664, 0.3182313560641445, 0.4282155091871691, 0.5215174688858899, 0.710415693601121, 0.6885118306351183], "ct": [0.6626187139965748, 0.629479682111261, 0.6783434532150086, 0.6820800249104779, 0.582995951417004, 0.5313716331932119, 0.5123014637184677, 0.401259559154296, 0.23664954071306243, 0.21419676214196762], "i_gt": [0.1342052000622762, 0.00749737591842855, 0.04826405106647984, 0.25844620893663395, 0.37091248832139523, 0.549431729721314, 0.7162877608221738, 0.694856800119958, 0.8246925112875604, 0.7540473225404732], "i_ct": [0.6764751673672739, 0.7130004498425551, 0.6828584773470341, 0.5064611552234158, 0.3972282777950794, 0.27790751985053713, 0.2156649018997197, 0.17813765182186234, 0.12517515179822514, 0.12188667496886675]}, "bi_gt_country": {"gt": [0.22488188976377954, 0.27468201090248334, 0.27922471229557844, 0.25075711689884916, 0.24188976377952756, 0.3228346456692913, 0.31465778316172016, 0.3746214415505754, 0.4477589339794064, 0.45716535433070865], "ct": [0.6286614173228346, 0.5645063597819503, 0.5788915808600847, 0.6262870987280436, 0.6409448818897637, 0.5130708661417323, 0.5289218655360388, 0.44245911568746216, 0.32328891580860086, 0.31070866141732284], "i_gt": [0.3869291338582677, 0.4329194427619624, 0.41898849182313747, 0.394457904300424, 0.35606299212598425, 0.4310236220472441, 0.40960024227740766, 0.4709267110841914, 0.5034827377347062, 0.5203149606299212], "i_ct": [0.4546456692913386, 0.4118715929739552, 0.44745608721986674, 0.4853119321623259, 0.5264566929133858, 0.3962204724409449, 0.4374621441550575, 0.31950333131435493, 0.23743185947910359, 0.22645669291338583]}, "abs_icl_country": {"gt": [0.10446831698583217, 0.004515024132025533, 0.13513934298614355, 0.2106820305200872, 0.2665421142768177, 0.37723805075509886, 0.3972282777950794, 0.49752586594691856, 0.6640722291407223, 0.514868441538222], "ct": [0.7342363381597384, 0.6576366184026156, 0.6669780476412891, 0.5963874182497664, 0.5436711816907986, 0.5640666355285692, 0.49626284646527563, 0.3811665916929075, 0.26307596513075965, 0.2690331620737973], "i_gt": [0.14634905807255177, 0.010586953137163319, 0.1600498209559396, 0.3259109311740891, 0.43188541180133894, 0.5867974466760081, 0.650887573964497, 0.6321787374418953, 0.7703922789539228, 0.5881986610618091], "i_ct": [0.7269188852561108, 0.7315895998754476, 0.6624630235092636, 0.4925256929305512, 0.3538844776584151, 0.3060874980538689, 0.21052631578947367, 0.1746888588993852, 0.12266500622665007, 0.15849291608282734]}, "abs_capital": {"gt": [0.23590551181102362, 0.2710478497880073, 0.24318594791035736, 0.2695336159903089, 0.26173228346456695, 0.3075590551181102, 0.30875227135069655, 0.4136886735311932, 0.43079951544518474, 0.44708661417322837], "ct": [0.6047244094488189, 0.5816172016959419, 0.6353725015142337, 0.5956995760145366, 0.610236220472441, 0.5388976377952756, 0.5446698970321018, 0.3770442156268928, 0.3376741368867353, 0.32803149606299215], "i_gt": [0.41858267716535436, 0.42625681405208965, 0.3737129012719564, 0.39173228346456695, 0.3960629921259842, 0.40834645669291336, 0.42746820109024836, 0.48319200484554814, 0.4928831011508177, 0.5179527559055118], "i_ct": [0.4099212598425197, 0.4359479103573592, 0.5033313143549364, 0.47365233192004846, 0.46897637795275593, 0.4177952755905512, 0.40702604482132043, 0.2761962447001817, 0.26862507571168986, 0.2525984251968504]}}