{"bi_gt_capital": {"gt": [0.09995329285380664, 0.009596641175588543, 0.016658882142301105, 0.1410555815039701, 0.2611336032388664, 0.3182313560641445, 0.4282155091871691, 0.5215174688858899, 0.710415693601121, 0.6885118306351183], "ct": [0.6626187139965748, 0.629479682111261, 0.6783434532150086, 0.6820800249104779, 0.582995951417004, 0.5313716331932119, 0.5123014637184677, 0.401259559154296, 0.23664954071306243, 0.21419676214196762], "i_gt": [0.14634905807255177, 0.012445644024591394, 0.0689708858788728, 0.19165498988011834, 0.3774525070071629, 0.48793398723338005, 0.5786359389598256, 0.690658269605638, 0.8105246769422388, 0.8202054794520548], "i_ct": [0.530748871243967, 0.43559754086069874, 0.46535886657325237, 0.4253464113342675, 0.3308938025537216, 0.28242254398256267, 0.21519775770787916, 0.14754835807467387, 0.08656391094504126, 0.07004981320049813]}, "bi_gt_country": {"gt": [0.22488188976377954, 0.27468201090248334, 0.27922471229557844, 0.25075711689884916, 0.24188976377952756, 0.3228346456692913, 0.31465778316172016, 0.3746214415505754, 0.4477589339794064, 0.45716535433070865], "ct": [0.6286614173228346, 0.5645063597819503, 0.5788915808600847, 0.6262870987280436, 0.6409448818897637, 0.5130708661417323, 0.5289218655360388, 0.44245911568746216, 0.32328891580860086, 0.31070866141732284], "i_gt": [0.347244094488189, 0.35826771653543305, 0.372198667474258, 0.36811023622047245, 0.35118110236220473, 0.4143307086614173, 0.42671108419139914, 0.4638098122350091, 0.5208964264082374, 0.5234645669291339], "i_ct": [0.39086614173228346, 0.39960629921259844, 0.4000605693519079, 0.42216838279830404, 0.44708661417322837, 0.31716535433070864, 0.2957298606904906, 0.21486977589339795, 0.08964264082374318, 0.06362204724409448]}, "abs_icl_country": {"gt": [0.10446831698583217, 0.004515024132025533, 0.13513934298614355, 0.2106820305200872, 0.2665421142768177, 0.37723805075509886, 0.3972282777950794, 0.49752586594691856, 0.6640722291407223, 0.514868441538222], "ct": [0.7342363381597384, 0.6576366184026156, 0.6669780476412891, 0.5963874182497664, 0.5436711816907986, 0.5640666355285692, 0.49626284646527563, 0.3811665916929075, 0.26307596513075965, 0.2690331620737973], "i_gt": [0.15973843998131715, 0.022419430172816442, 0.17779853650941926, 0.2795079414512613, 0.3769266697804764, 0.5595516113965436, 0.5708502024291497, 0.5662018293597241, 0.8385740971357409, 0.5933364471430795], "i_ct": [0.5587731589599876, 0.436089054958742, 0.463023509263584, 0.3942696979134226, 0.3084228553635373, 0.29908142612486377, 0.20647773279352227, 0.1649422702054281, 0.07440846824408469, 0.10353417406196481]}, "abs_capital": {"gt": [0.23590551181102362, 0.2710478497880073, 0.24318594791035736, 0.2695336159903089, 0.26173228346456695, 0.3075590551181102, 0.30875227135069655, 0.4136886735311932, 0.43079951544518474, 0.44708661417322837], "ct": [0.6047244094488189, 0.5816172016959419, 0.6353725015142337, 0.5956995760145366, 0.610236220472441, 0.5388976377952756, 0.5446698970321018, 0.3770442156268928, 0.3376741368867353, 0.32803149606299215], "i_gt": [0.3488188976377953, 0.3617504542701393, 0.3675045427013931, 0.37477286493034523, 0.3640944881889764, 0.4220472440944882, 0.41868564506359784, 0.4880375529981829, 0.5098425196850394, 0.5103937007874015], "i_ct": [0.39354330708661417, 0.4106602059357965, 0.4150514839491217, 0.4058146577831617, 0.4155905511811024, 0.30850393700787404, 0.30087825560266507, 0.15520896426408237, 0.10221078134463961, 0.1]}}