{"bi_gt_capital": {"gt": [0.20831387202241944, 0.2673564252511621, 0.45165810368986453, 0.5688930406352172, 0.7306135160386172, 0.8134827962011522, 0.859078168794768, 0.8903883640725746, 0.9258913280398567, 0.8939912826899128], "ct": [0.37287871711038456, 0.2871494976758135, 0.2168768488245368, 0.21749961077378172, 0.13407038305823732, 0.0966837926202709, 0.056835876673933354, 0.048582995951417005, 0.021018215787015414, 0.010118306351183064], "i_gt": [0.09886345944262806, 0.000149947518368571, 0.0012455238984898022, 0.012922310446831698, 0.029274369355341015, 0.02382064455861747, 0.08393023980068515, 0.14364972259709102, 0.12704343764595982, 0.37064134495641343], "i_ct": [0.5544138253152733, 0.606087869245764, 0.6878405729409933, 0.6957807877938658, 0.6969791342260978, 0.7220924801494629, 0.7469635627530364, 0.6615684510421352, 0.7102600031138098, 0.48443337484433374]}, "bi_gt_country": {"gt": [0.6711811023622047, 0.6653543307086615, 0.6006965475469412, 0.637038158691702, 0.6119685039370079, 0.6541732283464567, 0.6624772864930345, 0.6876135675348274, 0.6880678376741369, 0.685984251968504], "ct": [0.13354330708661416, 0.1524833434282253, 0.24848576620230164, 0.19442761962447003, 0.22960629921259842, 0.16015748031496063, 0.14218655360387644, 0.10266505148394912, 0.07737734706238643, 0.06692913385826772], "i_gt": [0.09685039370078741, 0.10069654754694125, 0.07904300423985464, 0.09070260448213203, 0.08677165354330708, 0.08866141732283464, 0.08797698364627499, 0.08691701998788613, 0.10054512416717142, 0.0847244094488189], "i_ct": [0.6262992125984252, 0.6246214415505754, 0.75, 0.6735311932162326, 0.7094488188976378, 0.6787401574803149, 0.6552089642640824, 0.6552089642640824, 0.5534524530587522, 0.674488188976378]}, "abs_icl_country": {"gt": [0.30764440292698114, 0.3078000934142924, 0.5597073018838549, 0.6225474929928371, 0.7519850537132181, 0.8480460843842441, 0.8176580504515727, 0.7728295096716149, 0.9154732254047323, 0.6836369297835903], "ct": [0.390471742176553, 0.29472209248014947, 0.19632570449945508, 0.2078791653690439, 0.10664798380818932, 0.08516269655924023, 0.07038305823730925, 0.0728744939271255, 0.021326276463262763, 0.02537754943172972], "i_gt": [0.09886345944262806, 0.00031138097462245055, 0.11069593647828117, 0.010277172220492058, 0.11832477035653122, 0.10913903160516893, 0.02865151043288695, 0.02384165542060279, 0.19287048567870485, 0.23493694535263895], "i_ct": [0.5565934921376304, 0.6964035497431107, 0.5754320411022886, 0.7304578013080038, 0.6719601432352483, 0.6344387357932431, 0.7270320772345064, 0.8170640275903434, 0.6293586550435866, 0.5333956095282578]}, "abs_capital": {"gt": [0.6644094488188976, 0.5903997577225923, 0.6108419139915203, 0.661114476075106, 0.6606299212598425, 0.6683464566929134, 0.6668685645063598, 0.6680799515445185, 0.7062386432465173, 0.7031496062992126], "ct": [0.14818897637795275, 0.25726832222895213, 0.22319806178073895, 0.16580860084797092, 0.15921259842519686, 0.13543307086614173, 0.13234403391883706, 0.1262870987280436, 0.04860690490611751, 0.054015748031496065], "i_gt": [0.0979527559055118, 0.08479709267110842, 0.08040581465778317, 0.09691096305269534, 0.09086614173228347, 0.09181102362204724, 0.08086008479709267, 0.08721986674742581, 0.10493640218049667, 0.09275590551181102], "i_ct": [0.6341732283464567, 0.7035130224106602, 0.7238037552998183, 0.646274984857662, 0.6839370078740158, 0.6337007874015748, 0.7016959418534222, 0.660205935796487, 0.5598122350090854, 0.6318110236220472]}}