{"bi_gt_capital": {"gt": [0.20831387202241944, 0.2673564252511621, 0.45165810368986453, 0.5688930406352172, 0.7306135160386172, 0.8134827962011522, 0.859078168794768, 0.8903883640725746, 0.9258913280398567, 0.8939912826899128], "ct": [0.37287871711038456, 0.2871494976758135, 0.2168768488245368, 0.21749961077378172, 0.13407038305823732, 0.0966837926202709, 0.056835876673933354, 0.048582995951417005, 0.021018215787015414, 0.010118306351183064], "i_gt": [0.2131402771290674, 0.34667866246813617, 0.5195391561575587, 0.6194924490113654, 0.7768607910308315, 0.8239140588510042, 0.8589224540641545, 0.926225820962663, 0.9282266853495251, 0.8838729763387297], "i_ct": [0.3244589755565935, 0.20242914979757085, 0.1454149151486844, 0.14385801027557216, 0.07925879788227966, 0.05573719445741865, 0.032388663967611336, 0.02684060578797421, 0.014012143858010275, 0.011986301369863013]}, "bi_gt_country": {"gt": [0.6711811023622047, 0.6653543307086615, 0.6006965475469412, 0.637038158691702, 0.6119685039370079, 0.6541732283464567, 0.6624772864930345, 0.6876135675348274, 0.6880678376741369, 0.685984251968504], "ct": [0.13354330708661416, 0.1524833434282253, 0.24848576620230164, 0.19442761962447003, 0.22960629921259842, 0.16015748031496063, 0.14218655360387644, 0.10266505148394912, 0.07737734706238643, 0.06692913385826772], "i_gt": [0.6905511811023622, 0.6876135675348274, 0.6371895820714718, 0.66671714112659, 0.6481889763779528, 0.6822047244094488, 0.6953361599030891, 0.7145669291338582, 0.7133555420956996, 0.7103937007874016], "i_ct": [0.09653543307086614, 0.11947304663840097, 0.18791641429436706, 0.1427922471229558, 0.17102362204724408, 0.11716535433070867, 0.09357964869775894, 0.0643549364021805, 0.04270139309509388, 0.03606299212598425]}, "abs_icl_country": {"gt": [0.30764440292698114, 0.3078000934142924, 0.5597073018838549, 0.6225474929928371, 0.7519850537132181, 0.8480460843842441, 0.8176580504515727, 0.7728295096716149, 0.9154732254047323, 0.6836369297835903], "ct": [0.390471742176553, 0.29472209248014947, 0.19632570449945508, 0.2078791653690439, 0.10664798380818932, 0.08516269655924023, 0.07038305823730925, 0.0728744939271255, 0.021326276463262763, 0.02537754943172972], "i_gt": [0.30686595049042503, 0.37116612174996105, 0.6521874513467227, 0.6734662099034568, 0.7996263428304531, 0.8482017748715553, 0.830426658361881, 0.7747788274104064, 0.9361768368617683, 0.6774093102911413], "i_ct": [0.340028024287716, 0.20224194301728166, 0.13809746224505684, 0.12379321083774525, 0.061030671026000315, 0.06321033784835746, 0.04048582995951417, 0.03973609236767132, 0.014632627646326276, 0.02210804919819399]}, "abs_capital": {"gt": [0.6644094488188976, 0.5903997577225923, 0.6108419139915203, 0.661114476075106, 0.6606299212598425, 0.6683464566929134, 0.6668685645063598, 0.6680799515445185, 0.7062386432465173, 0.7031496062992126], "ct": [0.14818897637795275, 0.25726832222895213, 0.22319806178073895, 0.16580860084797092, 0.15921259842519686, 0.13543307086614173, 0.13234403391883706, 0.1262870987280436, 0.04860690490611751, 0.054015748031496065], "i_gt": [0.6834645669291338, 0.6290127195639007, 0.651877649909146, 0.6823137492428831, 0.6851968503937008, 0.6965354330708662, 0.6998788612961842, 0.6989703210175651, 0.7244094488188977, 0.7206299212598425], "i_ct": [0.1125984251968504, 0.19654754694124774, 0.16429436705027256, 0.12356147789218655, 0.11779527559055118, 0.09496062992125984, 0.08328285887341005, 0.07737734706238643, 0.026196244700181708, 0.031496062992125984]}}