{"bi_gt_capital": {"gt": [0.20831387202241944, 0.2673564252511621, 0.45165810368986453, 0.5688930406352172, 0.7306135160386172, 0.8134827962011522, 0.859078168794768, 0.8903883640725746, 0.9258913280398567, 0.8939912826899128], "ct": [0.37287871711038456, 0.2871494976758135, 0.2168768488245368, 0.21749961077378172, 0.13407038305823732, 0.0966837926202709, 0.056835876673933354, 0.048582995951417005, 0.021018215787015414, 0.010118306351183064], "i_gt": [0.16814572629612332, 0.1592442645074224, 0.34454304841974154, 0.4297057449789818, 0.5082528807225164, 0.5969173283512378, 0.7394892556835877, 0.7698305593042435, 0.8179978203331777, 0.8197384806973848], "i_ct": [0.2900513778608127, 0.23076923076923078, 0.19305620426591935, 0.20146349058072552, 0.18810339458112738, 0.15646893974778142, 0.13142323263780753, 0.1256560203928625, 0.09699517359489335, 0.07036114570361146]}, "bi_gt_country": {"gt": [0.6711811023622047, 0.6653543307086615, 0.6006965475469412, 0.637038158691702, 0.6119685039370079, 0.6541732283464567, 0.6624772864930345, 0.6876135675348274, 0.6880678376741369, 0.685984251968504], "ct": [0.13354330708661416, 0.1524833434282253, 0.24848576620230164, 0.19442761962447003, 0.22960629921259842, 0.16015748031496063, 0.14218655360387644, 0.10266505148394912, 0.07737734706238643, 0.06692913385826772], "i_gt": [0.5403149606299212, 0.5298304058146578, 0.39794064203513024, 0.4910660205935796, 0.4325984251968504, 0.5195275590551182, 0.5342216838279831, 0.5882798304058147, 0.6252271350696548, 0.6396850393700787], "i_ct": [0.14913385826771652, 0.19745608721986674, 0.2147183525136281, 0.2068443367655966, 0.297007874015748, 0.16535433070866143, 0.19412477286493035, 0.1458207147183525, 0.07964869775893398, 0.07023622047244095]}, "abs_icl_country": {"gt": [0.30764440292698114, 0.3078000934142924, 0.5597073018838549, 0.6225474929928371, 0.7519850537132181, 0.8480460843842441, 0.8176580504515727, 0.7728295096716149, 0.9154732254047323, 0.6836369297835903], "ct": [0.390471742176553, 0.29472209248014947, 0.19632570449945508, 0.2078791653690439, 0.10664798380818932, 0.08516269655924023, 0.07038305823730925, 0.0728744939271255, 0.021326276463262763, 0.02537754943172972], "i_gt": [0.22014634905807254, 0.22528413513934298, 0.43141834033940524, 0.4402055434444098, 0.5575276350614977, 0.6649540713062432, 0.6905948302709436, 0.6755135702504124, 0.8180261519302615, 0.6121749961077378], "i_ct": [0.28958430639887905, 0.23073330219523588, 0.18371477502724584, 0.20367486764247897, 0.1693912501946131, 0.1452592246613732, 0.1311118031765805, 0.14874793822162244, 0.09822540473225405, 0.09263583995017904]}, "abs_capital": {"gt": [0.6644094488188976, 0.5903997577225923, 0.6108419139915203, 0.661114476075106, 0.6606299212598425, 0.6683464566929134, 0.6668685645063598, 0.6680799515445185, 0.7062386432465173, 0.7031496062992126], "ct": [0.14818897637795275, 0.25726832222895213, 0.22319806178073895, 0.16580860084797092, 0.15921259842519686, 0.13543307086614173, 0.13234403391883706, 0.1262870987280436, 0.04860690490611751, 0.054015748031496065], "i_gt": [0.4880314960629921, 0.3977892186553604, 0.4738037552998183, 0.5080254391278013, 0.5264566929133858, 0.5244094488188976, 0.5452755905511811, 0.5866141732283464, 0.6524833434282253, 0.657007874015748], "i_ct": [0.208503937007874, 0.22789218655360388, 0.2130526953361599, 0.20911568746214415, 0.15811023622047243, 0.22078740157480314, 0.17534827377347062, 0.1341611144760751, 0.06193216232586311, 0.05905511811023622]}}