{"bi_gt_capital": {"gt": [0.20831387202241944, 0.2673564252511621, 0.45165810368986453, 0.5688930406352172, 0.7306135160386172, 0.8134827962011522, 0.859078168794768, 0.8903883640725746, 0.9258913280398567, 0.8939912826899128], "ct": [0.37287871711038456, 0.2871494976758135, 0.2168768488245368, 0.21749961077378172, 0.13407038305823732, 0.0966837926202709, 0.056835876673933354, 0.048582995951417005, 0.021018215787015414, 0.010118306351183064], "i_gt": [0.22870932586018994, 0.30334382965961915, 0.49353884477658416, 0.652343141834034, 0.7880722516350047, 0.8631480616534329, 0.8835253815010901, 0.9148298095666517, 0.9355441382531527, 0.9002179327521793], "i_ct": [0.24272146971820022, 0.1556455240665767, 0.10119881675229643, 0.11365405573719446, 0.061507318592338836, 0.042347812548653274, 0.024602927436935533, 0.022042285200179937, 0.00825159582749494, 0.004669987546699875]}, "bi_gt_country": {"gt": [0.6711811023622047, 0.6653543307086615, 0.6006965475469412, 0.637038158691702, 0.6119685039370079, 0.6541732283464567, 0.6624772864930345, 0.6876135675348274, 0.6880678376741369, 0.685984251968504], "ct": [0.13354330708661416, 0.1524833434282253, 0.24848576620230164, 0.19442761962447003, 0.22960629921259842, 0.16015748031496063, 0.14218655360387644, 0.10266505148394912, 0.07737734706238643, 0.06692913385826772], "i_gt": [0.7006299212598425, 0.6950333131435493, 0.6859479103573591, 0.6738340399757723, 0.6937007874015748, 0.7020472440944882, 0.6882192610539067, 0.7057843731072078, 0.6950333131435493, 0.6881889763779527], "i_ct": [0.07244094488188976, 0.09903089036947305, 0.08570563294972744, 0.1179588128407026, 0.07291338582677165, 0.06834645669291338, 0.08661417322834646, 0.06602059357964869, 0.06238643246517262, 0.06866141732283465]}, "abs_icl_country": {"gt": [0.30764440292698114, 0.3078000934142924, 0.5597073018838549, 0.6225474929928371, 0.7519850537132181, 0.8480460843842441, 0.8176580504515727, 0.7728295096716149, 0.9154732254047323, 0.6836369297835903], "ct": [0.390471742176553, 0.29472209248014947, 0.19632570449945508, 0.2078791653690439, 0.10664798380818932, 0.08516269655924023, 0.07038305823730925, 0.0728744939271255, 0.021326276463262763, 0.02537754943172972], "i_gt": [0.34812392962789973, 0.35575276350614976, 0.6182469251128756, 0.6899719713484895, 0.7944885567491826, 0.882453682080025, 0.8520710059171598, 0.788873894137052, 0.9266811955168119, 0.6917328351237739], "i_ct": [0.2475478748248482, 0.15055270122995484, 0.0954382687217811, 0.11086888819682342, 0.04779697960454616, 0.03861124085318387, 0.029741513547181565, 0.038236617183985605, 0.009495641344956413, 0.010742643624474545]}, "abs_capital": {"gt": [0.6644094488188976, 0.5903997577225923, 0.6108419139915203, 0.661114476075106, 0.6606299212598425, 0.6683464566929134, 0.6668685645063598, 0.6680799515445185, 0.7062386432465173, 0.7031496062992126], "ct": [0.14818897637795275, 0.25726832222895213, 0.22319806178073895, 0.16580860084797092, 0.15921259842519686, 0.13543307086614173, 0.13234403391883706, 0.1262870987280436, 0.04860690490611751, 0.054015748031496065], "i_gt": [0.7036220472440945, 0.667625681405209, 0.662931556632344, 0.7080557238037553, 0.7040944881889764, 0.7085039370078741, 0.6920048455481527, 0.6818594791035736, 0.7104784978800727, 0.7081889763779528], "i_ct": [0.07070866141732284, 0.10902483343428225, 0.12477286493034524, 0.06753482737734706, 0.08, 0.05291338582677165, 0.07964869775893398, 0.09357964869775894, 0.047395517867958814, 0.052598425196850394]}}