{"bi_gt_capital": {"gt": [0.09995329285380664, 0.009596641175588543, 0.016658882142301105, 0.1410555815039701, 0.2611336032388664, 0.3182313560641445, 0.4282155091871691, 0.5215174688858899, 0.710415693601121, 0.6885118306351183], "ct": [0.6626187139965748, 0.629479682111261, 0.6783434532150086, 0.6820800249104779, 0.582995951417004, 0.5313716331932119, 0.5123014637184677, 0.401259559154296, 0.23664954071306243, 0.21419676214196762]}, "bi_gt_country": {"gt": [0.22488188976377954, 0.27468201090248334, 0.27922471229557844, 0.25075711689884916, 0.24188976377952756, 0.3228346456692913, 0.31465778316172016, 0.3746214415505754, 0.4477589339794064, 0.45716535433070865], "ct": [0.6286614173228346, 0.5645063597819503, 0.5788915808600847, 0.6262870987280436, 0.6409448818897637, 0.5130708661417323, 0.5289218655360388, 0.44245911568746216, 0.32328891580860086, 0.31070866141732284]}, "abs_icl_country": {"gt": [0.10446831698583217, 0.004515024132025533, 0.13513934298614355, 0.2106820305200872, 0.2665421142768177, 0.37723805075509886, 0.3972282777950794, 0.49752586594691856, 0.6640722291407223, 0.514868441538222], "ct": [0.7342363381597384, 0.6576366184026156, 0.6669780476412891, 0.5963874182497664, 0.5436711816907986, 0.5640666355285692, 0.49626284646527563, 0.3811665916929075, 0.26307596513075965, 0.2690331620737973]}, "abs_capital": {"gt": [0.23590551181102362, 0.2710478497880073, 0.24318594791035736, 0.2695336159903089, 0.26173228346456695, 0.3075590551181102, 0.30875227135069655, 0.4136886735311932, 0.43079951544518474, 0.44708661417322837], "ct": [0.6047244094488189, 0.5816172016959419, 0.6353725015142337, 0.5956995760145366, 0.610236220472441, 0.5388976377952756, 0.5446698970321018, 0.3770442156268928, 0.3376741368867353, 0.32803149606299215]}}