{"bi_gt_capital": {"gt": [0.06601276661995951, 0.000149947518368571, 0.0007784524365561264, 0.0006227619492449011, 0.025381501090003113, 0.05900669469095438, 0.08564310183743382, 0.2181736392262708, 0.34220769111007315, 0.31693648816936487], "ct": [0.5883543515491203, 0.3807167491378018, 0.651720379884789, 0.7130624318854119, 0.8041108688881968, 0.7125953604234782, 0.7952351292432264, 0.7038536512220723, 0.6043904717421765, 0.6366749688667497]}, "bi_gt_country": {"gt": [0.12015748031496062, 0.09282253179890976, 0.07192610539067232, 0.0681405208964264, 0.07354330708661418, 0.10062992125984252, 0.08403997577225923, 0.11720169594185342, 0.18927922471229558, 0.1894488188976378], "ct": [0.6083464566929134, 0.7236523319200484, 0.7662023016353725, 0.7774076317383404, 0.7614173228346457, 0.6793700787401575, 0.7221380981223501, 0.6479406420351302, 0.4730466384009691, 0.46409448818897636]}, "abs_icl_country": {"gt": [0.06616845710727075, 0.0006227619492449011, 0.09310291141211272, 0.008408595453129867, 0.045305931807566556, 0.14074420052934766, 0.09638741824976643, 0.18893387314439947, 0.32160647571606477, 0.14712751050910788], "ct": [0.5332399190409466, 0.557683325548809, 0.5478748248482018, 0.6549361569604485, 0.6984275260781566, 0.726296123306866, 0.7726564933042666, 0.7222971959814065, 0.6436799501867995, 0.7267631947687996]}, "abs_capital": {"gt": [0.10456692913385827, 0.0900969109630527, 0.06950333131435493, 0.07843731072077528, 0.08015748031496063, 0.09307086614173228, 0.09933373712901272, 0.15081768625075712, 0.17247122955784372, 0.1795275590551181], "ct": [0.6420472440944882, 0.7118413082980012, 0.7748334342822532, 0.7471229557843732, 0.7240944881889764, 0.7152755905511811, 0.6845850999394306, 0.5316474863718958, 0.535130224106602, 0.515748031496063]}}