{"bi_gt_capital": {"gt": [0.0008097165991902834, 0.0, 0.0, 0.0006747638326585695, 0.000578368999421631, 0.0, 0.0033738191632928477, 0.015037593984962405, 0.048582995951417005, 0.042105263157894736], "ct": [0.9360323886639677, 0.9669365721997301, 0.9541160593792173, 0.975033738191633, 0.9554655870445344, 0.9846153846153847, 0.946693657219973, 0.9728166570271833, 0.9439946018893387, 0.9263157894736842]}, "bi_gt_country": {"gt": [0.05196850393700787, 0.04088431253785584, 0.03800726832222895, 0.040430042398546334, 0.0447244094488189, 0.04078740157480315, 0.043912780133252574, 0.056632344033918834, 0.08298001211387038, 0.09007874015748031], "ct": [0.8888188976377953, 0.9103573591762568, 0.9147486371895821, 0.9012719563900666, 0.9025196850393701, 0.9122834645669291, 0.9168685645063598, 0.8818897637795275, 0.8529678982434888, 0.8475590551181102]}, "abs_icl_country": {"gt": [0.0008097165991902834, 0.0, 0.0, 0.0006747638326585695, 0.0, 0.0, 0.004048582995951417, 0.015037593984962405, 0.043859649122807015, 0.009716599190283401], "ct": [0.9360323886639677, 0.9628879892037787, 0.9824561403508771, 0.9763832658569501, 0.8859649122807017, 0.9352226720647774, 0.9736842105263158, 0.973395026026605, 0.951417004048583, 0.9530364372469635]}, "abs_capital": {"gt": [0.045039370078740155, 0.04118715929739552, 0.04073288915808601, 0.04073288915808601, 0.044215626892792244, 0.045039370078740155, 0.04830405814657783, 0.061780738946093275, 0.07662023016353725, 0.08834645669291338], "ct": [0.8988976377952755, 0.9123258631132647, 0.8999091459721381, 0.9043004239854634, 0.8965778316172017, 0.895748031496063, 0.9050575408843126, 0.8902180496668686, 0.8652331920048455, 0.8467716535433071]}}