{"bi_gt_capital": {"gt": [0.058383932741709485, 0.000149947518368571, 0.0031138097462245057, 0.008718667289428616, 0.0291186546247275, 0.05573719445741865, 0.16630333229523514, 0.2160743739691108, 0.44309512688774716, 0.42419053549190533], "ct": [0.7979137474700296, 0.8334083070925176, 0.8712439669936167, 0.9318075665576834, 0.9162254749299283, 0.864549276039234, 0.7851136717533479, 0.7133003448792923, 0.5215631324926047, 0.5199252801992528]}, "bi_gt_country": {"gt": [0.09606299212598425, 0.07056329497274379, 0.07056329497274379, 0.08343428225317989, 0.09023622047244094, 0.11779527559055118, 0.12825560266505148, 0.17973955178679588, 0.27771047849788005, 0.28330708661417325], "ct": [0.8390551181102363, 0.8905208964264082, 0.8921865536038764, 0.8756814052089643, 0.8582677165354331, 0.7998425196850394, 0.8101150817686251, 0.7262265293761356, 0.536038764385221, 0.5324409448818898]}, "abs_icl_country": {"gt": [0.058539623229020704, 0.0007784524365561264, 0.033473454771913436, 0.003737153534724385, 0.054024599096995175, 0.15101977269188852, 0.13811896605418872, 0.28325086219823065, 0.4061332503113325, 0.27681768643935856], "ct": [0.785769889459754, 0.855519227775183, 0.8717110384555503, 0.8994082840236687, 0.8826093725673362, 0.8081893196325705, 0.8129866085331673, 0.6668166141850352, 0.5412515566625156, 0.6106180912346255]}, "abs_capital": {"gt": [0.0768503937007874, 0.07298606904906117, 0.06723198061780739, 0.08646274984857662, 0.08078740157480314, 0.12661417322834645, 0.13279830405814658, 0.24030890369473046, 0.25242277407631736, 0.26031496062992127], "ct": [0.8784251968503937, 0.8858267716535433, 0.8997577225923683, 0.8572077528770442, 0.8801574803149607, 0.7946456692913386, 0.8069351907934585, 0.5804058146577832, 0.5847970926711085, 0.5911811023622047]}}