{"bi_gt_capital": {"gt": [0.07192900513778608, 0.000149947518368571, 0.0026467382842908296, 0.001712595360423478, 0.03861725319215198, 0.044371788883699206, 0.11009031454375584, 0.17258959364222523, 0.3035964502568893, 0.3175591531755915], "ct": [0.7863926514089989, 0.8551506972559604, 0.8419741553791064, 0.8039856764751674, 0.7679850513858612, 0.6948466448699985, 0.776705076300218, 0.7395411605937922, 0.6442472364938502, 0.601961394769614]}, "bi_gt_country": {"gt": [0.0925984251968504, 0.09615384615384616, 0.06041792852816475, 0.06390066626287098, 0.057795275590551184, 0.09165354330708661, 0.09024833434282253, 0.12552998182919442, 0.16247728649303453, 0.21826771653543306], "ct": [0.7513385826771654, 0.7736220472440944, 0.8373712901271957, 0.8540278619018776, 0.8516535433070866, 0.7840944881889764, 0.7867958812840703, 0.7365233192004845, 0.621290127195639, 0.5176377952755905]}, "abs_icl_country": {"gt": [0.07208469562509731, 0.002335357309668379, 0.046707146193367584, 0.005761445032700093, 0.04328195547252063, 0.1816907986921999, 0.09405169729056369, 0.1685410106462738, 0.2903175591531756, 0.16160672582905183], "ct": [0.8242254398256267, 0.8564533706990503, 0.8099019149929939, 0.8092494549984428, 0.7004515024132025, 0.6134205200062276, 0.7746807848022423, 0.7378917378917379, 0.6671855541718555, 0.7057449789817842]}, "abs_capital": {"gt": [0.07732283464566929, 0.06299212598425197, 0.06480920654149, 0.06708055723803755, 0.07228346456692913, 0.09370078740157481, 0.10932768019382193, 0.11538461538461539, 0.19775893397940641, 0.21244094488188978], "ct": [0.7930708661417323, 0.8364627498485766, 0.832374318594791, 0.8216232586311326, 0.8343307086614173, 0.7866141732283465, 0.7631738340399757, 0.7495457298606905, 0.526953361599031, 0.537007874015748]}}