{"bi_gt_capital": {"gt": [0.03907831231511755, 0.0, 0.00046707146193367583, 0.00031138097462245055, 0.0003114294612270321, 0.00015569048731122528, 0.026627218934911243, 0.10886189833558255, 0.04156936011209715, 0.10787671232876712], "ct": [0.6264985209403705, 0.6893087419403209, 0.672427214697182, 0.6476724272146972, 0.616163189037683, 0.6319476879962634, 0.5973217066334475, 0.5423601739391213, 0.5603300638330998, 0.49813200498132004]}, "bi_gt_country": {"gt": [0.03464566929133858, 0.03528164748637189, 0.03376741368867353, 0.03376741368867353, 0.03338582677165354, 0.03385826771653543, 0.034524530587522716, 0.031041792852816476, 0.03179890975166566, 0.03417322834645669], "ct": [0.6470866141732283, 0.5015142337976983, 0.725015142337977, 0.5395215021199273, 0.6996850393700788, 0.5773228346456692, 0.6318897637795275, 0.5822228952150212, 0.5852513628104179, 0.6023622047244095]}, "abs_icl_country": {"gt": [0.03907831231511755, 0.00015569048731122528, 0.11225284135139343, 0.00015571473061351605, 0.036120193056204265, 0.10291141211271991, 0.0007785736530675802, 0.005398110661268556, 0.03035491905354919, 0.002335357309668379], "ct": [0.6563910945041258, 0.6895531683014168, 0.5534796823914059, 0.6580504515727188, 0.6408220457730033, 0.548030515335513, 0.5870445344129555, 0.6170340380866697, 0.5547945205479452, 0.5779230888992682]}, "abs_capital": {"gt": [0.034330708661417325, 0.03422168382798304, 0.03331314354936402, 0.03422168382798304, 0.03385826771653543, 0.03417322834645669, 0.03270745003028468, 0.030587522713506964, 0.033010296789824346, 0.035118110236220475], "ct": [0.6453543307086614, 0.612961841308298, 0.5489097516656571, 0.6029678982434888, 0.5864566929133859, 0.7258267716535433, 0.618564506359782, 0.6291641429436705, 0.5158994548758328, 0.566771653543307]}}