{"bi_gt_capital": {"gt": [0.06305464736104624, 0.00149947518368571, 0.015101977269188853, 0.01712595360423478, 0.08066023045780131, 0.09917484041725051, 0.1793833696667705, 0.19463187884240515, 0.280554258134828, 0.41376089663760895], "ct": [0.7627276973376926, 0.6380266906582696, 0.7206912657636618, 0.6968706212050444, 0.7041420118343196, 0.6321033784835747, 0.5935845530987232, 0.6072874493927125, 0.5361980382998599, 0.4498754669987547]}, "bi_gt_country": {"gt": [0.10992125984251969, 0.11523319200484555, 0.09403391883706844, 0.10387643852210782, 0.11984251968503937, 0.14566929133858267, 0.15445184736523318, 0.16414294367050272, 0.19533615990308903, 0.1499212598425197], "ct": [0.6563779527559055, 0.6479406420351302, 0.7542398546335555, 0.6854936402180497, 0.7075590551181102, 0.622992125984252, 0.5608721986674743, 0.5752574197456087, 0.5399757722592369, 0.6359055118110236]}, "abs_icl_country": {"gt": [0.06554569515802584, 0.010431262649852094, 0.09590534018371477, 0.03223294923699782, 0.08236026778763818, 0.22684104001245525, 0.13952039862971036, 0.16269305742989953, 0.3018368617683686, 0.22092480149462868], "ct": [0.7798536509419275, 0.6646426903316207, 0.6803674295500545, 0.723917782622236, 0.6686906430017125, 0.5917795422699673, 0.5668016194331984, 0.569050832208727, 0.5384495641344956, 0.5692044216098396]}, "abs_capital": {"gt": [0.10708661417322834, 0.10448213204118716, 0.09569957601453664, 0.1191701998788613, 0.12677165354330708, 0.15590551181102363, 0.1387038158691702, 0.1727740763173834, 0.19155057540884313, 0.15433070866141732], "ct": [0.674488188976378, 0.6945790430042399, 0.7172925499697154, 0.6652029073288915, 0.6694488188976377, 0.5877165354330709, 0.630526953361599, 0.5560266505148395, 0.5264990914597214, 0.6078740157480315]}}