{"bi_gt_capital": {"gt": [0.2002179666822357, 0.02579097315939421, 0.0554258134827962, 0.1693912501946131, 0.422454064154469, 0.4619336758524054, 0.6423232637807537, 0.7131503973609237, 0.8354351549120349, 0.7903175591531756], "ct": [0.4135139342986143, 0.2813015444594392, 0.4611552234158493, 0.3429861435466293, 0.33821239489255683, 0.24770356531215942, 0.19822485207100593, 0.14664867296446243, 0.10509107893507706, 0.10087173100871731]}, "bi_gt_country": {"gt": [0.4031496062992126, 0.42625681405208965, 0.42807389460932765, 0.39930345245305876, 0.41606299212598424, 0.4422047244094488, 0.4344336765596608, 0.4450333131435494, 0.46214415505754086, 0.4595275590551181], "ct": [0.315748031496063, 0.2936099333737129, 0.32707450030284674, 0.3438824954572986, 0.32236220472440946, 0.28141732283464566, 0.2636281041792853, 0.21577831617201695, 0.16172016959418534, 0.13086614173228348]}, "abs_icl_country": {"gt": [0.22497275416472054, 0.05651564689397478, 0.1648762260625876, 0.2631578947368421, 0.4334423166744512, 0.6813015724739219, 0.5336343818125194, 0.6195831458989354, 0.7920298879202988, 0.5755877315895999], "ct": [0.4384244122684104, 0.42441226841040014, 0.3596450256889304, 0.31283089380255374, 0.25533239919040945, 0.1988167522964347, 0.16381189660541887, 0.21187584345479082, 0.10071606475716065, 0.1521096061030671]}, "abs_capital": {"gt": [0.40551181102362205, 0.43201090248334345, 0.41020593579648695, 0.4261053906723198, 0.4310236220472441, 0.42866141732283464, 0.4482132041187159, 0.45699576014536647, 0.45154451847365235, 0.44944881889763777], "ct": [0.32110236220472443, 0.3319200484554815, 0.3160205935796487, 0.3170805572380376, 0.2941732283464567, 0.2795275590551181, 0.23031496062992127, 0.18625075711689884, 0.16580860084797092, 0.16141732283464566]}}