{"bi_gt_capital": {"gt": [0.04032383621360735, 0.000149947518368571, 0.00031138097462245055, 0.00031138097462245055, 0.002491435689816257, 0.001712595360423478, 0.04204297726564933, 0.12175738491527965, 0.06928226685349526, 0.16827521793275219], "ct": [0.6241631636307021, 0.6264807317438896, 0.6761637863926514, 0.6280554258134828, 0.6146060417315478, 0.6458041413669625, 0.6180317658050452, 0.606087869245764, 0.6462712128288961, 0.5907534246575342]}, "bi_gt_country": {"gt": [0.04614173228346457, 0.04588128407026045, 0.04133858267716536, 0.03982434887946699, 0.04110236220472441, 0.04094488188976378, 0.04133858267716536, 0.041944276196244704, 0.056178073894609326, 0.06220472440944882], "ct": [0.5373228346456693, 0.5295275590551181, 0.6811023622047244, 0.7221380981223501, 0.7595275590551182, 0.7280314960629921, 0.6698970321017566, 0.6762568140520896, 0.5186250757116899, 0.43748031496062995]}, "abs_icl_country": {"gt": [0.040479526700918575, 0.00015569048731122528, 0.11552234158492916, 0.0004671441918405481, 0.03845555036587264, 0.11785769889459755, 0.008720024914356897, 0.016044384465437097, 0.07627646326276463, 0.03861124085318387], "ct": [0.6048575432041102, 0.6543671181690799, 0.5751206601276662, 0.611024602927437, 0.6229176397322124, 0.5178265607971353, 0.6530675801930863, 0.6795621532463638, 0.6416562889165629, 0.6777206912657636]}, "abs_capital": {"gt": [0.04251968503937008, 0.04315566323440339, 0.04300423985463356, 0.039672925499697156, 0.04078740157480315, 0.04015748031496063, 0.040278619018776496, 0.04542701393095094, 0.06117504542701393, 0.06614173228346457], "ct": [0.5896062992125984, 0.6556632344033919, 0.6826165960024227, 0.7138098122350091, 0.6853543307086614, 0.734015748031496, 0.6577831617201696, 0.6966989703210176, 0.3946093276801938, 0.3451968503937008]}}